Sample,Amino Acid Change,Position,AF,Change,Protein,NucleotideChange,LetterChange,Syn,Depth,Passage
lin3-1E2-LL_trim.fastq.gz,matrix_protein_1 E204D,612,1.76,E204D,matrix_protein_1,G612T,G to T,nonsynonymous SNV,18551,lin3-1E2-LL
lin3-1E2-LL_trim.fastq.gz,matrix_protein_2 Y42F,815,3.11,Y42F,matrix_protein_2,A126T,A to T,nonsynonymous SNV,19472,lin3-1E2-LL
lin3-1E2-LL_trim.fastq.gz,nonstructural_protein_1 G51G,1235,3.56,G51G,nonstructural_protein_1,C153A,C to A,synonymous SNV,25976,lin3-1E2-LL
lin3-1E2-LL_trim.fastq.gz,nonstructural_protein_1 S213S,1721,2.93,S213S,nonstructural_protein_1,A639T,A to T,synonymous SNV,25169,lin3-1E2-LL
lin3-1E2-LL_trim.fastq.gz,nuclear_export_protein I97M,1845,1.49,I97M,nuclear_export_protein,A290G,A to G,nonsynonymous SNV,5790,lin3-1E2-LL
lin3-1E2-LL_trim.fastq.gz,hemagglutinin D518N,3597,4.03,D518N,hemagglutinin,G1552A,G to A,nonsynonymous SNV,11382,lin3-1E2-LL
lin3-1E2-LL_trim.fastq.gz,neuraminidase R130K,4235,1.25,R130K,neuraminidase,G389A,G to A,nonsynonymous SNV,4179,lin3-1E2-LL
lin3-1E2-LL_trim.fastq.gz,neuraminidase G164G,4338,1.49,G164G,neuraminidase,T492C,T to C,synonymous SNV,5765,lin3-1E2-LL
lin3-1E2-LL_trim.fastq.gz,neuraminidase A251S,4597,1.24,A251S,neuraminidase,G751T,G to T,nonsynonymous SNV,2740,lin3-1E2-LL
lin3-1E2-LL_trim.fastq.gz,neuraminidase V346V,4884,3.06,V346V,neuraminidase,A1038G,A to G,synonymous SNV,7291,lin3-1E2-LL
lin3-1E2-LL_trim.fastq.gz,polymerase_PB1 M290V,6224,50.49,M290V,polymerase_PB1,A868G,A to G,nonsynonymous SNV,13905,lin3-1E2-LL
lin3-1E2-LL_trim.fastq.gz,polymerase_PB1 E371D,6469,6.5,E371D,polymerase_PB1,A1113C,A to C,nonsynonymous SNV,9063,lin3-1E2-LL
lin3-1E2-LL_trim.fastq.gz,NP K103R,8038,7.47,K103R,NP,A308G,A to G,nonsynonymous SNV,12408,lin3-1E2-LL
lin3-1E2-LL_trim.fastq.gz,NP A251V,8482,1.47,A251V,NP,C752T,C to T,nonsynonymous SNV,36887,lin3-1E2-LL
lin3-1E2-LL_trim.fastq.gz,NP V425I,9003,9.95,V425I,NP,G1273A,G to A,nonsynonymous SNV,31915,lin3-1E2-LL
lin3-1E2-LL_trim.fastq.gz,NP T442A,9054,6.5,T442A,NP,A1324G,A to G,nonsynonymous SNV,22340,lin3-1E2-LL
lin3-1E2-LL_trim.fastq.gz,polymerase_PA K19N,9384,2.73,K19N,polymerase_PA,G57T,G to T,nonsynonymous SNV,2013,lin3-1E2-LL
lin3-1E2-LL_trim.fastq.gz,polymerase_PA L72L,9541,1.02,L72L,polymerase_PA,T214C,T to C,synonymous SNV,2054,lin3-1E2-LL
lin3-1E2-LL_trim.fastq.gz,polymerase_PA Q346R,10364,1.32,Q346R,polymerase_PA,A1037G,A to G,nonsynonymous SNV,3792,lin3-1E2-LL
lin3-1E2-LL_trim.fastq.gz,polymerase_PA D347A,10367,4.3,D347A,polymerase_PA,A1040C,A to C,nonsynonymous SNV,3675,lin3-1E2-LL
lin3-1E2-LL_trim.fastq.gz,polymerase_PA G634E,11228,1.59,G634E,polymerase_PA,G1901A,G to A,nonsynonymous SNV,9584,lin3-1E2-LL
lin3-1E2-LL_trim.fastq.gz,polymerase_PB2 L183L,12125,1.61,L183L,polymerase_PB2,C547T,C to T,synonymous SNV,3100,lin3-1E2-LL
lin3-1E2-LL_trim.fastq.gz,polymerase_PB2 K189R,12144,99.9,K189R,polymerase_PB2,A566G,A to G,nonsynonymous SNV,3008,lin3-1E2-LL
lin3-1E2-LL_trim.fastq.gz,polymerase_PB2 T235I,12282,3.49,T235I,polymerase_PB2,C704T,C to T,nonsynonymous SNV,3701,lin3-1E2-LL
lin3-1E2-LL_trim.fastq.gz,polymerase_PB2 V292I,12452,1.37,V292I,polymerase_PB2,G874A,G to A,nonsynonymous SNV,6255,lin3-1E2-LL
lin3-1E2-LL_trim.fastq.gz,polymerase_PB2 K443E,12905,4.29,K443E,polymerase_PB2,A1327G,A to G,nonsynonymous SNV,8539,lin3-1E2-LL
lin3-1E2-LL_trim.fastq.gz,polymerase_PB2 M467R,12978,1.38,M467R,polymerase_PB2,T1400G,T to G,nonsynonymous SNV,8324,lin3-1E2-LL
lin3-1E2-LL_trim.fastq.gz,polymerase_PB2 G727G,13759,2.7,G727G,polymerase_PB2,G2181A,G to A,synonymous SNV,3114,lin3-1E2-LL
lin3-1E2-LL_trim.fastq.gz,nuclear_export_protein H56L,1721,2.93,H56L,nuclear_export_protein,A166T,A to T,nonsynonymous SNV,25169,lin3-1E2-LL
lin3-1E2-L_trim.fastq.gz,matrix_protein_1 E204D,612,15.15,E204D,matrix_protein_1,G612T,G to T,nonsynonymous SNV,33,lin3-1E2-L
lin3-1E2-L_trim.fastq.gz,hemagglutinin K71N,2258,18.18,K71N,hemagglutinin,A213C,A to C,nonsynonymous SNV,22,lin3-1E2-L
lin3-1E2-L_trim.fastq.gz,polymerase_PB1 M290V,6224,72.41,M290V,polymerase_PB1,A868G,A to G,nonsynonymous SNV,29,lin3-1E2-L
lin3-1E2-L_trim.fastq.gz,NP S359F,8806,15.62,S359F,NP,C1076T,C to T,nonsynonymous SNV,32,lin3-1E2-L
lin3-1E2-L_trim.fastq.gz,NP T442S,9054,10,T442S,NP,A1324T,A to T,nonsynonymous SNV,30,lin3-1E2-L
lin3-1E2-L_trim.fastq.gz,polymerase_PB2 K189R,12144,100,K189R,polymerase_PB2,A566G,A to G,nonsynonymous SNV,5,lin3-1E2-L
lin3-1E2-RR_trim.fastq.gz,nonstructural_protein_1 L95I,1365,2.58,L95I,nonstructural_protein_1,C283A,C to A,nonsynonymous SNV,1355,lin3-1E2-RR
lin3-1E2-RR_trim.fastq.gz,hemagglutinin Y215D,2688,1.62,Y215D,hemagglutinin,T643G,T to G,nonsynonymous SNV,680,lin3-1E2-RR
lin3-1E2-RR_trim.fastq.gz,neuraminidase N68S,4049,9.88,N68S,neuraminidase,A203G,A to G,nonsynonymous SNV,324,lin3-1E2-RR
lin3-1E2-RR_trim.fastq.gz,neuraminidase T72T,4062,3.81,T72T,neuraminidase,C216T,C to T,synonymous SNV,341,lin3-1E2-RR
lin3-1E2-RR_trim.fastq.gz,neuraminidase K217Q,4495,1.59,K217Q,neuraminidase,A649C,A to C,nonsynonymous SNV,378,lin3-1E2-RR
lin3-1E2-RR_trim.fastq.gz,neuraminidase Q250Q,4596,11.08,Q250Q,neuraminidase,G750A,G to A,synonymous SNV,352,lin3-1E2-RR
lin3-1E2-RR_trim.fastq.gz,neuraminidase G440G,5166,5.63,G440G,neuraminidase,G1320A,G to A,synonymous SNV,1847,lin3-1E2-RR
lin3-1E2-RR_trim.fastq.gz,polymerase_PB1 A139A,5773,2.11,A139A,polymerase_PB1,A417C,A to C,synonymous SNV,899,lin3-1E2-RR
lin3-1E2-RR_trim.fastq.gz,polymerase_PB1 M290V,6224,35.69,M290V,polymerase_PB1,A868G,A to G,nonsynonymous SNV,1743,lin3-1E2-RR
lin3-1E2-RR_trim.fastq.gz,polymerase_PB1 K669R,7362,5.19,K669R,polymerase_PB1,A2006G,A to G,nonsynonymous SNV,1157,lin3-1E2-RR
lin3-1E2-RR_trim.fastq.gz,polymerase_PB1 T677I,7386,1.06,T677I,polymerase_PB1,C2030T,C to T,nonsynonymous SNV,1230,lin3-1E2-RR
lin3-1E2-RR_trim.fastq.gz,NP A85A,7985,2.18,A85A,NP,T255C,T to C,synonymous SNV,1831,lin3-1E2-RR
lin3-1E2-RR_trim.fastq.gz,NP M222I,8396,2.62,M222I,NP,G666A,G to A,nonsynonymous SNV,2790,lin3-1E2-RR
lin3-1E2-RR_trim.fastq.gz,NP A428S,9012,2.98,A428S,NP,G1282T,G to T,nonsynonymous SNV,2750,lin3-1E2-RR
lin3-1E2-RR_trim.fastq.gz,NP T437A,9039,1.05,T437A,NP,A1309G,A to G,nonsynonymous SNV,2766,lin3-1E2-RR
lin3-1E2-RR_trim.fastq.gz,NP T442S,9054,12.31,T442S,NP,A1324T,A to T,nonsynonymous SNV,2160,lin3-1E2-RR
lin3-1E2-RR_trim.fastq.gz,polymerase_PA D3A,9335,7.04,D3A,polymerase_PA,A8C,A to C,nonsynonymous SNV,142,lin3-1E2-RR
lin3-1E2-RR_trim.fastq.gz,polymerase_PA F46C,9464,9.03,F46C,polymerase_PA,T137G,T to G,nonsynonymous SNV,288,lin3-1E2-RR
lin3-1E2-RR_trim.fastq.gz,polymerase_PA T97I,9617,4.98,T97I,polymerase_PA,C290T,C to T,nonsynonymous SNV,321,lin3-1E2-RR
lin3-1E2-RR_trim.fastq.gz,polymerase_PA E352G,10382,6.23,E352G,polymerase_PA,A1055G,A to G,nonsynonymous SNV,353,lin3-1E2-RR
lin3-1E2-RR_trim.fastq.gz,polymerase_PA A475S,10750,6.16,A475S,polymerase_PA,G1423T,G to T,nonsynonymous SNV,909,lin3-1E2-RR
lin3-1E2-RR_trim.fastq.gz,polymerase_PA C637S,11237,1.08,C637S,polymerase_PA,G1910C,G to C,nonsynonymous SNV,1302,lin3-1E2-RR
lin3-1E2-RR_trim.fastq.gz,polymerase_PB2 K189R,12144,100,K189R,polymerase_PB2,A566G,A to G,nonsynonymous SNV,453,lin3-1E2-RR
lin3-1E2-RR_trim.fastq.gz,polymerase_PB2 A271V,12390,1.41,A271V,polymerase_PB2,C812T,C to T,nonsynonymous SNV,1063,lin3-1E2-RR
lin3-1E2-RR_trim.fastq.gz,polymerase_PB2 R318K,12531,10.09,R318K,polymerase_PB2,G953A,G to A,nonsynonymous SNV,704,lin3-1E2-RR
lin3-1E2-RR_trim.fastq.gz,polymerase_PB2 K574R,13299,1.04,K574R,polymerase_PB2,A1721G,A to G,complex,865,lin3-1E2-RR
lin3-1E2-RR_trim.fastq.gz,polymerase_PB2 K574K,13300,1.05,K574K,polymerase_PB2,A1722G,A to G,complex,759,lin3-1E2-RR
lin3-1E2-RR_trim.fastq.gz,polymerase_PB2 E578G,13311,1.01,E578G,polymerase_PB2,A1733G,A to G,nonsynonymous SNV,893,lin3-1E2-RR
lin3-1E2-RR_trim.fastq.gz,polymerase_PB2 V613V,13417,2.95,V613V,polymerase_PB2,C1839T,C to T,synonymous SNV,646,lin3-1E2-RR
lin3-1E2-R_trim.fastq.gz,matrix_protein_1 Q191Q,573,1.68,Q191Q,matrix_protein_1,G573A,G to A,synonymous SNV,9000,lin3-1E2-R
lin3-1E2-R_trim.fastq.gz,nonstructural_protein_1 L50L,1232,1.75,L50L,nonstructural_protein_1,T150C,T to C,synonymous SNV,13966,lin3-1E2-R
lin3-1E2-R_trim.fastq.gz,nonstructural_protein_1 P107P,1403,1.09,P107P,nonstructural_protein_1,T321C,T to C,synonymous SNV,12037,lin3-1E2-R
lin3-1E2-R_trim.fastq.gz,nonstructural_protein_1 E159E,1559,1.01,E159E,nonstructural_protein_1,A477G,A to G,synonymous SNV,15808,lin3-1E2-R
lin3-1E2-R_trim.fastq.gz,nonstructural_protein_1 G168E,1585,17.35,G168E,nonstructural_protein_1,G503A,G to A,nonsynonymous SNV,16395,lin3-1E2-R
lin3-1E2-R_trim.fastq.gz,nonstructural_protein_1 T191T,1655,2.12,T191T,nonstructural_protein_1,G573A,G to A,synonymous SNV,17111,lin3-1E2-R
lin3-1E2-R_trim.fastq.gz,hemagglutinin V64V,2237,1.21,V64V,hemagglutinin,A192T,A to T,synonymous SNV,8591,lin3-1E2-R
lin3-1E2-R_trim.fastq.gz,hemagglutinin S145S,2480,2.3,S145S,hemagglutinin,G435A,G to A,synonymous SNV,5225,lin3-1E2-R
lin3-1E2-R_trim.fastq.gz,hemagglutinin I338T,3058,2.45,I338T,hemagglutinin,T1013C,T to C,nonsynonymous SNV,4166,lin3-1E2-R
lin3-1E2-R_trim.fastq.gz,neuraminidase G236D,4553,1.46,G236D,neuraminidase,G707A,G to A,nonsynonymous SNV,1718,lin3-1E2-R
lin3-1E2-R_trim.fastq.gz,neuraminidase S340P,4864,1.93,S340P,neuraminidase,T1018C,T to C,nonsynonymous SNV,3935,lin3-1E2-R
lin3-1E2-R_trim.fastq.gz,neuraminidase F349F,4893,1.19,F349F,neuraminidase,T1047C,T to C,synonymous SNV,3690,lin3-1E2-R
lin3-1E2-R_trim.fastq.gz,polymerase_PB1 Q65Q,5551,7.06,Q65Q,polymerase_PB1,G195A,G to A,synonymous SNV,4039,lin3-1E2-R
lin3-1E2-R_trim.fastq.gz,polymerase_PB1 M290V,6224,50.79,M290V,polymerase_PB1,A868G,A to G,nonsynonymous SNV,6682,lin3-1E2-R
lin3-1E2-R_trim.fastq.gz,polymerase_PB1 K669R,7362,1.53,K669R,polymerase_PB1,A2006G,A to G,nonsynonymous SNV,5433,lin3-1E2-R
lin3-1E2-R_trim.fastq.gz,polymerase_PB1 C693S,7433,2.7,C693S,polymerase_PB1,T2077A,T to A,nonsynonymous SNV,5997,lin3-1E2-R
lin3-1E2-R_trim.fastq.gz,NP T232K,8425,1.15,T232K,NP,C695A,C to A,nonsynonymous SNV,12251,lin3-1E2-R
lin3-1E2-R_trim.fastq.gz,NP S413S,8969,12.69,S413S,NP,A1239T,A to T,synonymous SNV,13044,lin3-1E2-R
lin3-1E2-R_trim.fastq.gz,NP A423E,8998,13.61,A423E,NP,C1268A,C to A,nonsynonymous SNV,13055,lin3-1E2-R
lin3-1E2-R_trim.fastq.gz,NP T442S,9054,4.97,T442S,NP,A1324T,A to T,nonsynonymous SNV,9591,lin3-1E2-R
lin3-1E2-R_trim.fastq.gz,polymerase_PA E352G,10382,1.25,E352G,polymerase_PA,A1055G,A to G,nonsynonymous SNV,1436,lin3-1E2-R
lin3-1E2-R_trim.fastq.gz,polymerase_PA Q392Q,10503,1.79,Q392Q,polymerase_PA,G1176A,G to A,synonymous SNV,2175,lin3-1E2-R
lin3-1E2-R_trim.fastq.gz,polymerase_PB2 G37R,11687,1.56,G37R,polymerase_PB2,G109A,G to A,nonsynonymous SNV,1664,lin3-1E2-R
lin3-1E2-R_trim.fastq.gz,polymerase_PB2 K189R,12144,100,K189R,polymerase_PB2,A566G,A to G,nonsynonymous SNV,1582,lin3-1E2-R
lin3-1E2-R_trim.fastq.gz,polymerase_PB2 V444V,12910,1.24,V444V,polymerase_PB2,G1332T,G to T,synonymous SNV,3872,lin3-1E2-R
lin3-1E2-R_trim.fastq.gz,nuclear_export_protein R34Q,1655,2.12,R34Q,nuclear_export_protein,G100A,G to A,nonsynonymous SNV,17111,lin3-1E2-R
lin3-1E2-X_trim.fastq.gz,matrix_protein_1 R174R,522,1.66,R174R,matrix_protein_1,G522A,G to A,synonymous SNV,8632,lin3-1E2-X
lin3-1E2-X_trim.fastq.gz,matrix_protein_1 Q208Q,624,1.46,Q208Q,matrix_protein_1,G624A,G to A,synonymous SNV,7316,lin3-1E2-X
lin3-1E2-X_trim.fastq.gz,nonstructural_protein_1 G45R,1215,4.41,G45R,nonstructural_protein_1,G133A,G to A,nonsynonymous SNV,11370,lin3-1E2-X
lin3-1E2-X_trim.fastq.gz,nonstructural_protein_1 A202T,1686,1.05,A202T,nonstructural_protein_1,G604A,G to A,nonsynonymous SNV,20054,lin3-1E2-X
lin3-1E2-X_trim.fastq.gz,nuclear_export_protein E75G,1778,3.63,E75G,nuclear_export_protein,A223G,A to G,nonsynonymous SNV,8634,lin3-1E2-X
lin3-1E2-X_trim.fastq.gz,nuclear_export_protein A102V,1859,1.54,A102V,nuclear_export_protein,C304T,C to T,nonsynonymous SNV,2661,lin3-1E2-X
lin3-1E2-X_trim.fastq.gz,hemagglutinin G187G,2606,1.82,G187G,hemagglutinin,G561A,G to A,synonymous SNV,2035,lin3-1E2-X
lin3-1E2-X_trim.fastq.gz,hemagglutinin P229P,2732,1.06,P229P,hemagglutinin,G687A,G to A,synonymous SNV,3860,lin3-1E2-X
lin3-1E2-X_trim.fastq.gz,hemagglutinin G263G,2834,1.15,G263G,hemagglutinin,A789T,A to T,synonymous SNV,6181,lin3-1E2-X
lin3-1E2-X_trim.fastq.gz,hemagglutinin G411G,3278,2.04,G411G,hemagglutinin,T1233G,T to G,synonymous SNV,8342,lin3-1E2-X
lin3-1E2-X_trim.fastq.gz,hemagglutinin D518E,3599,8.42,D518E,hemagglutinin,T1554A,T to A,nonsynonymous SNV,5050,lin3-1E2-X
lin3-1E2-X_trim.fastq.gz,neuraminidase Q64Q,4038,1.79,Q64Q,neuraminidase,G192A,G to A,synonymous SNV,951,lin3-1E2-X
lin3-1E2-X_trim.fastq.gz,neuraminidase T72T,4062,1.68,T72T,neuraminidase,C216T,C to T,synonymous SNV,1134,lin3-1E2-X
lin3-1E2-X_trim.fastq.gz,neuraminidase V234I,4546,6.24,V234I,neuraminidase,G700A,G to A,nonsynonymous SNV,929,lin3-1E2-X
lin3-1E2-X_trim.fastq.gz,neuraminidase N341N,4869,3,N341N,neuraminidase,T1023C,T to C,synonymous SNV,3434,lin3-1E2-X
lin3-1E2-X_trim.fastq.gz,neuraminidase R419I,5102,1.53,R419I,neuraminidase,G1256T,G to T,nonsynonymous SNV,6552,lin3-1E2-X
lin3-1E2-X_trim.fastq.gz,polymerase_PB1 G250G,6106,7.95,G250G,polymerase_PB1,T750G,T to G,synonymous SNV,10588,lin3-1E2-X
lin3-1E2-X_trim.fastq.gz,polymerase_PB1 M290V,6224,58.9,M290V,polymerase_PB1,A868G,A to G,nonsynonymous SNV,6998,lin3-1E2-X
lin3-1E2-X_trim.fastq.gz,polymerase_PB1 N425N,6631,1.08,N425N,polymerase_PB1,T1275C,T to C,synonymous SNV,5846,lin3-1E2-X
lin3-1E2-X_trim.fastq.gz,NP R243K,8458,3.15,R243K,NP,G728A,G to A,nonsynonymous SNV,15317,lin3-1E2-X
lin3-1E2-X_trim.fastq.gz,NP S245C,8463,4.2,S245C,NP,A733T,A to T,nonsynonymous SNV,15094,lin3-1E2-X
lin3-1E2-X_trim.fastq.gz,polymerase_PA D27N,9406,1.8,D27N,polymerase_PA,G79A,G to A,nonsynonymous SNV,1110,lin3-1E2-X
lin3-1E2-X_trim.fastq.gz,polymerase_PA F35L,9430,2.7,F35L,polymerase_PA,T103C,T to C,nonsynonymous SNV,1078,lin3-1E2-X
lin3-1E2-X_trim.fastq.gz,polymerase_PA P68S,9529,3.37,P68S,polymerase_PA,C202T,C to T,nonsynonymous SNV,950,lin3-1E2-X
lin3-1E2-X_trim.fastq.gz,polymerase_PA Y305C,10241,1.73,Y305C,polymerase_PA,A914G,A to G,nonsynonymous SNV,1215,lin3-1E2-X
lin3-1E2-X_trim.fastq.gz,polymerase_PA E349K,10372,1.15,E349K,polymerase_PA,G1045A,G to A,nonsynonymous SNV,1310,lin3-1E2-X
lin3-1E2-X_trim.fastq.gz,polymerase_PA N614S,11168,2.12,N614S,polymerase_PA,A1841G,A to G,nonsynonymous SNV,5330,lin3-1E2-X
lin3-1E2-X_trim.fastq.gz,polymerase_PB2 K189R,12144,99.68,K189R,polymerase_PB2,A566G,A to G,nonsynonymous SNV,1862,lin3-1E2-X
lin3-1E2-X_trim.fastq.gz,polymerase_PB2 K443E,12905,3.7,K443E,polymerase_PB2,A1327G,A to G,nonsynonymous SNV,4756,lin3-1E2-X
lin3-1E2-X_trim.fastq.gz,polymerase_PB2 E472G,12993,2.53,E472G,polymerase_PB2,A1415G,A to G,nonsynonymous SNV,4031,lin3-1E2-X
lin3-1E2-X_trim.fastq.gz,polymerase_PB2 V495I,13061,4.88,V495I,polymerase_PB2,G1483A,G to A,nonsynonymous SNV,3651,lin3-1E2-X
lin3-1E2-X_trim.fastq.gz,polymerase_PB2 R503K,13086,5.44,R503K,polymerase_PB2,G1508A,G to A,nonsynonymous SNV,4173,lin3-1E2-X
lin3-1E2-X_trim.fastq.gz,nuclear_export_protein S44S,1686,1.05,S44S,nuclear_export_protein,G131A,G to A,synonymous SNV,20054,lin3-1E2-X
lin3-1E3-LL_trim.fastq.gz,polymerase_PB1 M290V,6224,50,M290V,polymerase_PB1,A868G,A to G,nonsynonymous SNV,32,lin3-1E3-LL
lin3-1E3-LL_trim.fastq.gz,NP T442A,9054,4.12,T442A,NP,A1324G,A to G,nonsynonymous SNV,97,lin3-1E3-LL
lin3-1E3-LL_trim.fastq.gz,polymerase_PB2 K189R,12144,100,K189R,polymerase_PB2,A566G,A to G,nonsynonymous SNV,4,lin3-1E3-LL
lin3-1E3-L_trim.fastq.gz,matrix_protein_1 H162H,486,1.54,H162H,matrix_protein_1,C486T,C to T,synonymous SNV,35999,lin3-1E3-L
lin3-1E3-L_trim.fastq.gz,nonstructural_protein_1 V178F,1614,1.03,V178F,nonstructural_protein_1,G532T,G to T,nonsynonymous SNV,49938,lin3-1E3-L
lin3-1E3-L_trim.fastq.gz,hemagglutinin V7V,2066,1.05,V7V,hemagglutinin,T21C,T to C,synonymous SNV,3513,lin3-1E3-L
lin3-1E3-L_trim.fastq.gz,hemagglutinin G172E,2560,1.89,G172E,hemagglutinin,G515A,G to A,nonsynonymous SNV,7708,lin3-1E3-L
lin3-1E3-L_trim.fastq.gz,hemagglutinin I341I,3068,1.11,I341I,hemagglutinin,T1023C,T to C,synonymous SNV,11993,lin3-1E3-L
lin3-1E3-L_trim.fastq.gz,hemagglutinin D518E,3599,3.94,D518E,hemagglutinin,T1554A,T to A,nonsynonymous SNV,17950,lin3-1E3-L
lin3-1E3-L_trim.fastq.gz,neuraminidase V234I,4546,1.47,V234I,neuraminidase,G700A,G to A,nonsynonymous SNV,3536,lin3-1E3-L
lin3-1E3-L_trim.fastq.gz,polymerase_PB1 M290V,6224,45.47,M290V,polymerase_PB1,A868G,A to G,nonsynonymous SNV,24911,lin3-1E3-L
lin3-1E3-L_trim.fastq.gz,polymerase_PB1 R361K,6438,1.47,R361K,polymerase_PB1,G1082A,G to A,nonsynonymous SNV,12996,lin3-1E3-L
lin3-1E3-L_trim.fastq.gz,NP T442S,9054,1.43,T442S,NP,A1324T,A to T,nonsynonymous SNV,34721,lin3-1E3-L
lin3-1E3-L_trim.fastq.gz,polymerase_PA F35L,9430,3.2,F35L,polymerase_PA,T103C,T to C,nonsynonymous SNV,3995,lin3-1E3-L
lin3-1E3-L_trim.fastq.gz,polymerase_PA N466S,10724,2.01,N466S,polymerase_PA,A1397G,A to G,nonsynonymous SNV,9488,lin3-1E3-L
lin3-1E3-L_trim.fastq.gz,polymerase_PA Q556R,10994,1.32,Q556R,polymerase_PA,A1667G,A to G,nonsynonymous SNV,10976,lin3-1E3-L
lin3-1E3-L_trim.fastq.gz,polymerase_PB2 I30T,11667,1.2,I30T,polymerase_PB2,T89C,T to C,nonsynonymous SNV,6335,lin3-1E3-L
lin3-1E3-L_trim.fastq.gz,polymerase_PB2 K189R,12144,99.92,K189R,polymerase_PB2,A566G,A to G,nonsynonymous SNV,5233,lin3-1E3-L
lin3-1E3-L_trim.fastq.gz,polymerase_PB2 S387G,12737,1.51,S387G,polymerase_PB2,A1159G,A to G,nonsynonymous SNV,5156,lin3-1E3-L
lin3-1E3-L_trim.fastq.gz,polymerase_PB2 K443E,12905,3.19,K443E,polymerase_PB2,A1327G,A to G,nonsynonymous SNV,13606,lin3-1E3-L
lin3-1E3-L_trim.fastq.gz,polymerase_PB2 D455N,12941,2.73,D455N,polymerase_PB2,G1363A,G to A,nonsynonymous SNV,13640,lin3-1E3-L
lin3-1E3-L_trim.fastq.gz,polymerase_PB2 T468I,12981,3.07,T468I,polymerase_PB2,C1403T,C to T,nonsynonymous SNV,14045,lin3-1E3-L
lin3-1E3-L_trim.fastq.gz,polymerase_PB2 V667I,13577,1.32,V667I,polymerase_PB2,G1999A,G to A,nonsynonymous SNV,7974,lin3-1E3-L
lin3-1E3-L_trim.fastq.gz,nuclear_export_protein Q20H,1614,1.03,Q20H,nuclear_export_protein,G59T,G to T,nonsynonymous SNV,49938,lin3-1E3-L
lin3-1E3-RR_trim.fastq.gz,neuraminidase W296R,4732,1.13,W296R,neuraminidase,T886A,T to A,nonsynonymous SNV,622,lin3-1E3-RR
lin3-1E3-RR_trim.fastq.gz,neuraminidase I418V,5098,1.71,I418V,neuraminidase,A1252G,A to G,nonsynonymous SNV,293,lin3-1E3-RR
lin3-1E3-RR_trim.fastq.gz,polymerase_PB1 M290V,6224,34.97,M290V,polymerase_PB1,A868G,A to G,nonsynonymous SNV,143,lin3-1E3-RR
lin3-1E3-RR_trim.fastq.gz,polymerase_PB1 D464N,6746,1.43,D464N,polymerase_PB1,G1390A,G to A,nonsynonymous SNV,420,lin3-1E3-RR
lin3-1E3-RR_trim.fastq.gz,NP T442S,9054,1.41,T442S,NP,A1324T,A to T,nonsynonymous SNV,426,lin3-1E3-RR
lin3-1E3-RR_trim.fastq.gz,polymerase_PA M21I,9390,1.23,M21I,polymerase_PA,G63A,G to A,nonsynonymous SNV,163,lin3-1E3-RR
lin3-1E3-RR_trim.fastq.gz,polymerase_PA N466S,10724,1.9,N466S,polymerase_PA,A1397G,A to G,nonsynonymous SNV,263,lin3-1E3-RR
lin3-1E3-RR_trim.fastq.gz,polymerase_PA A476S,10753,1,A476S,polymerase_PA,G1426T,G to T,nonsynonymous SNV,200,lin3-1E3-RR
lin3-1E3-RR_trim.fastq.gz,polymerase_PB2 K189R,12144,100,K189R,polymerase_PB2,A566G,A to G,nonsynonymous SNV,11,lin3-1E3-RR
lin3-1E3-R_trim.fastq.gz,nonstructural_protein_1 I111T,1414,1.2,I111T,nonstructural_protein_1,T332C,T to C,nonsynonymous SNV,23424,lin3-1E3-R
lin3-1E3-R_trim.fastq.gz,nonstructural_protein_1 C206S,1698,2.45,C206S,nonstructural_protein_1,T616A,T to A,nonsynonymous SNV,35223,lin3-1E3-R
lin3-1E3-R_trim.fastq.gz,hemagglutinin D518E,3599,2.53,D518E,hemagglutinin,T1554A,T to A,nonsynonymous SNV,10542,lin3-1E3-R
lin3-1E3-R_trim.fastq.gz,neuraminidase L24L,3918,1.08,L24L,neuraminidase,A72G,A to G,synonymous SNV,651,lin3-1E3-R
lin3-1E3-R_trim.fastq.gz,neuraminidase I69T,4052,1.17,I69T,neuraminidase,T206C,T to C,nonsynonymous SNV,3661,lin3-1E3-R
lin3-1E3-R_trim.fastq.gz,neuraminidase V234I,4546,1.04,V234I,neuraminidase,G700A,G to A,nonsynonymous SNV,1636,lin3-1E3-R
lin3-1E3-R_trim.fastq.gz,neuraminidase S450N,5195,1.71,S450N,neuraminidase,G1349A,G to A,nonsynonymous SNV,7251,lin3-1E3-R
lin3-1E3-R_trim.fastq.gz,polymerase_PB1 M290V,6224,44.37,M290V,polymerase_PB1,A868G,A to G,nonsynonymous SNV,4381,lin3-1E3-R
lin3-1E3-R_trim.fastq.gz,NP V183V,8279,1.56,V183V,NP,G549A,G to A,synonymous SNV,7754,lin3-1E3-R
lin3-1E3-R_trim.fastq.gz,NP T442S,9054,2,T442S,NP,A1324T,A to T,nonsynonymous SNV,12438,lin3-1E3-R
lin3-1E3-R_trim.fastq.gz,polymerase_PA E18G,9380,1.11,E18G,polymerase_PA,A53G,A to G,nonsynonymous SNV,4136,lin3-1E3-R
lin3-1E3-R_trim.fastq.gz,polymerase_PA F35L,9430,1.51,F35L,polymerase_PA,T103C,T to C,nonsynonymous SNV,3316,lin3-1E3-R
lin3-1E3-R_trim.fastq.gz,polymerase_PA R57L,9497,1.78,R57L,polymerase_PA,G170T,G to T,nonsynonymous SNV,1631,lin3-1E3-R
lin3-1E3-R_trim.fastq.gz,polymerase_PA Q556R,10994,2.43,Q556R,polymerase_PA,A1667G,A to G,nonsynonymous SNV,2472,lin3-1E3-R
lin3-1E3-R_trim.fastq.gz,polymerase_PB2 I30M,11668,1.18,I30M,polymerase_PB2,A90G,A to G,nonsynonymous SNV,1689,lin3-1E3-R
lin3-1E3-R_trim.fastq.gz,polymerase_PB2 K189R,12144,100,K189R,polymerase_PB2,A566G,A to G,nonsynonymous SNV,943,lin3-1E3-R
lin3-1E3-R_trim.fastq.gz,polymerase_PB2 Q194K,12158,2.3,Q194K,polymerase_PB2,C580A,C to A,nonsynonymous SNV,1088,lin3-1E3-R
lin3-1E3-R_trim.fastq.gz,polymerase_PB2 K443E,12905,2.17,K443E,polymerase_PB2,A1327G,A to G,nonsynonymous SNV,2447,lin3-1E3-R
lin3-1E3-R_trim.fastq.gz,polymerase_PB2 D455N,12941,1.07,D455N,polymerase_PB2,G1363A,G to A,nonsynonymous SNV,2158,lin3-1E3-R
lin3-1E3-R_trim.fastq.gz,polymerase_PB2 E525G,13152,1.01,E525G,polymerase_PB2,A1574G,A to G,nonsynonymous SNV,3965,lin3-1E3-R
lin3-1E3-R_trim.fastq.gz,nuclear_export_protein T48T,1698,2.45,T48T,nuclear_export_protein,T143A,T to A,synonymous SNV,35223,lin3-1E3-R
lin3-1E3-X_trim.fastq.gz,matrix_protein_1 R160R,478,1.04,R160R,matrix_protein_1,C478A,C to A,synonymous SNV,3760,lin3-1E3-X
lin3-1E3-X_trim.fastq.gz,nonstructural_protein_1 M104I,1394,2.18,M104I,nonstructural_protein_1,G312A,G to A,nonsynonymous SNV,2976,lin3-1E3-X
lin3-1E3-X_trim.fastq.gz,hemagglutinin G80G,2285,11.62,G80G,hemagglutinin,A240G,A to G,synonymous SNV,2839,lin3-1E3-X
lin3-1E3-X_trim.fastq.gz,hemagglutinin K505R,3559,1.76,K505R,hemagglutinin,A1514G,A to G,nonsynonymous SNV,2274,lin3-1E3-X
lin3-1E3-X_trim.fastq.gz,neuraminidase T55T,4011,6.12,T55T,neuraminidase,T165C,T to C,synonymous SNV,327,lin3-1E3-X
lin3-1E3-X_trim.fastq.gz,neuraminidase Y56H,4012,6.71,Y56H,neuraminidase,T166C,T to C,nonsynonymous SNV,328,lin3-1E3-X
lin3-1E3-X_trim.fastq.gz,neuraminidase V67V,4047,4.13,V67V,neuraminidase,T201C,T to C,synonymous SNV,460,lin3-1E3-X
lin3-1E3-X_trim.fastq.gz,neuraminidase Q250Q,4596,1.61,Q250Q,neuraminidase,G750A,G to A,synonymous SNV,373,lin3-1E3-X
lin3-1E3-X_trim.fastq.gz,neuraminidase G395R,5029,3.92,G395R,neuraminidase,G1183A,G to A,nonsynonymous SNV,1326,lin3-1E3-X
lin3-1E3-X_trim.fastq.gz,polymerase_PB1 R203R,5963,2.1,R203R,polymerase_PB1,A607C,A to C,synonymous SNV,2242,lin3-1E3-X
lin3-1E3-X_trim.fastq.gz,polymerase_PB1 M290V,6224,55.32,M290V,polymerase_PB1,A868G,A to G,complex,2424,lin3-1E3-X
lin3-1E3-X_trim.fastq.gz,polymerase_PB1 M290I,6226,4.03,M290I,polymerase_PB1,G870A,G to A,complex,2507,lin3-1E3-X
lin3-1E3-X_trim.fastq.gz,polymerase_PB1 N425N,6631,1.13,N425N,polymerase_PB1,T1275C,T to C,synonymous SNV,2035,lin3-1E3-X
lin3-1E3-X_trim.fastq.gz,polymerase_PB1 Y499H,6851,7.79,Y499H,polymerase_PB1,T1495C,T to C,nonsynonymous SNV,2401,lin3-1E3-X
lin3-1E3-X_trim.fastq.gz,polymerase_PB1 K669K,7363,2.85,K669K,polymerase_PB1,G2007A,G to A,synonymous SNV,1930,lin3-1E3-X
lin3-1E3-X_trim.fastq.gz,NP K198R,8323,4.21,K198R,NP,A593G,A to G,nonsynonymous SNV,2613,lin3-1E3-X
lin3-1E3-X_trim.fastq.gz,NP H289Y,8595,1.13,H289Y,NP,C865T,C to T,nonsynonymous SNV,3799,lin3-1E3-X
lin3-1E3-X_trim.fastq.gz,NP T442S,9054,3.62,T442S,NP,A1324T,A to T,nonsynonymous SNV,2982,lin3-1E3-X
lin3-1E3-X_trim.fastq.gz,polymerase_PA I120I,9687,5.33,I120I,polymerase_PA,T360C,T to C,synonymous SNV,450,lin3-1E3-X
lin3-1E3-X_trim.fastq.gz,polymerase_PA M211I,9960,3.08,M211I,polymerase_PA,G633A,G to A,nonsynonymous SNV,811,lin3-1E3-X
lin3-1E3-X_trim.fastq.gz,polymerase_PA E349G,10373,1.56,E349G,polymerase_PA,A1046G,A to G,nonsynonymous SNV,384,lin3-1E3-X
lin3-1E3-X_trim.fastq.gz,polymerase_PA E352G,10382,3.45,E352G,polymerase_PA,A1055G,A to G,nonsynonymous SNV,377,lin3-1E3-X
lin3-1E3-X_trim.fastq.gz,polymerase_PA D529N,10912,1.66,D529N,polymerase_PA,G1585A,G to A,nonsynonymous SNV,601,lin3-1E3-X
lin3-1E3-X_trim.fastq.gz,polymerase_PA I621T,11189,3.56,I621T,polymerase_PA,T1862C,T to C,nonsynonymous SNV,1658,lin3-1E3-X
lin3-1E3-X_trim.fastq.gz,polymerase_PB2 K189R,12144,100,K189R,polymerase_PB2,A566G,A to G,nonsynonymous SNV,581,lin3-1E3-X
lin3-1E3-X_trim.fastq.gz,polymerase_PB2 D455N,12941,4.17,D455N,polymerase_PB2,G1363A,G to A,nonsynonymous SNV,1847,lin3-1E3-X
lin3-1E3-X_trim.fastq.gz,polymerase_PB2 T468I,12981,1.67,T468I,polymerase_PB2,C1403T,C to T,nonsynonymous SNV,1618,lin3-1E3-X
lin3-1E3-X_trim.fastq.gz,polymerase_PB2 V480I,13016,10.96,V480I,polymerase_PB2,G1438A,G to A,nonsynonymous SNV,1296,lin3-1E3-X
lin3-1E3-X_trim.fastq.gz,polymerase_PB2 T521T,13141,3.61,T521T,polymerase_PB2,G1563A,G to A,synonymous SNV,1688,lin3-1E3-X
lin3-1E3-X_trim.fastq.gz,polymerase_PB2 Q581Q,13321,1.38,Q581Q,polymerase_PB2,G1743A,G to A,synonymous SNV,1014,lin3-1E3-X
lin3-1E3-X_trim.fastq.gz,polymerase_PB2 V667I,13577,1.27,V667I,polymerase_PB2,G1999A,G to A,nonsynonymous SNV,788,lin3-1E3-X
lin3-1E3-X_trim.fastq.gz,polymerase_PB2 R703R,13687,11.13,R703R,polymerase_PB2,A2109G,A to G,synonymous SNV,557,lin3-1E3-X
lin3-1E3-X_trim.fastq.gz,polymerase_PB2 G727G,13759,2.25,G727G,polymerase_PB2,G2181A,G to A,synonymous SNV,535,lin3-1E3-X
lin3-2.5E1-R_trim.fastq.gz,matrix_protein_1 A143A,429,3.64,A143A,matrix_protein_1,T429C,T to C,synonymous SNV,7310,lin3-2.5E1-R
lin3-2.5E1-R_trim.fastq.gz,matrix_protein_1 K242K,726,5.22,K242K,matrix_protein_1,G726A,G to A,synonymous SNV,5732,lin3-2.5E1-R
lin3-2.5E1-R_trim.fastq.gz,matrix_protein_1 V246L,736,9.08,V246L,matrix_protein_1,G736C,G to C,nonsynonymous SNV,5584,lin3-2.5E1-R
lin3-2.5E1-R_trim.fastq.gz,matrix_protein_2 F48F,831,3.84,F48F,matrix_protein_2,T142C,T to C,synonymous SNV,5578,lin3-2.5E1-R
lin3-2.5E1-R_trim.fastq.gz,nonstructural_protein_1 L166L,1580,2.97,L166L,nonstructural_protein_1,T498C,T to C,synonymous SNV,15239,lin3-2.5E1-R
lin3-2.5E1-R_trim.fastq.gz,neuraminidase I193I,4425,32.18,I193I,neuraminidase,T579C,T to C,synonymous SNV,1560,lin3-2.5E1-R
lin3-2.5E1-R_trim.fastq.gz,neuraminidase R419K,5102,1.61,R419K,neuraminidase,G1256A,G to A,nonsynonymous SNV,2928,lin3-2.5E1-R
lin3-2.5E1-R_trim.fastq.gz,neuraminidase R430Q,5135,8.09,R430Q,neuraminidase,G1289A,G to A,nonsynonymous SNV,2596,lin3-2.5E1-R
lin3-2.5E1-R_trim.fastq.gz,polymerase_PB1 Y217Y,6007,6.68,Y217Y,polymerase_PB1,T651C,T to C,synonymous SNV,6756,lin3-2.5E1-R
lin3-2.5E1-R_trim.fastq.gz,polymerase_PB1 M290V,6224,98.01,M290V,polymerase_PB1,A868G,A to G,nonsynonymous SNV,4480,lin3-2.5E1-R
lin3-2.5E1-R_trim.fastq.gz,polymerase_PB1 S416S,6604,2.74,S416S,polymerase_PB1,T1248C,T to C,synonymous SNV,3972,lin3-2.5E1-R
lin3-2.5E1-R_trim.fastq.gz,polymerase_PB1 E716D,7504,2.49,E716D,polymerase_PB1,G2148T,G to T,nonsynonymous SNV,3580,lin3-2.5E1-R
lin3-2.5E1-R_trim.fastq.gz,polymerase_PB1 M718I,7510,1.06,M718I,polymerase_PB1,G2154A,G to A,nonsynonymous SNV,3305,lin3-2.5E1-R
lin3-2.5E1-R_trim.fastq.gz,polymerase_PB1 F740S,7575,18.24,F740S,polymerase_PB1,T2219C,T to C,nonsynonymous SNV,1590,lin3-2.5E1-R
lin3-2.5E1-R_trim.fastq.gz,polymerase_PA F4L,9337,1,F4L,polymerase_PA,T10C,T to C,nonsynonymous SNV,901,lin3-2.5E1-R
lin3-2.5E1-R_trim.fastq.gz,polymerase_PA G273G,10146,7.38,G273G,polymerase_PA,G819A,G to A,synonymous SNV,1355,lin3-2.5E1-R
lin3-2.5E1-R_trim.fastq.gz,polymerase_PA D294D,10209,2.03,D294D,polymerase_PA,C882T,C to T,synonymous SNV,1036,lin3-2.5E1-R
lin3-2.5E1-R_trim.fastq.gz,polymerase_PA E449D,10674,1.43,E449D,polymerase_PA,A1347C,A to C,nonsynonymous SNV,2451,lin3-2.5E1-R
lin3-2.5E1-R_trim.fastq.gz,polymerase_PA Y458F,10700,5.37,Y458F,polymerase_PA,A1373T,A to T,nonsynonymous SNV,2140,lin3-2.5E1-R
lin3-2.5E1-R_trim.fastq.gz,polymerase_PB2 R3K,11586,6.31,R3K,polymerase_PB2,G8A,G to A,nonsynonymous SNV,333,lin3-2.5E1-R
lin3-2.5E1-R_trim.fastq.gz,polymerase_PB2 E158G,12051,6.37,E158G,polymerase_PB2,A473G,A to G,nonsynonymous SNV,1382,lin3-2.5E1-R
lin3-2.5E1-R_trim.fastq.gz,polymerase_PB2 K189R,12144,99.91,K189R,polymerase_PB2,A566G,A to G,nonsynonymous SNV,1140,lin3-2.5E1-R
lin3-2.5E1-R_trim.fastq.gz,polymerase_PB2 G222R,12242,1.72,G222R,polymerase_PB2,G664C,G to C,nonsynonymous SNV,987,lin3-2.5E1-R
lin3-2.5E1-R_trim.fastq.gz,polymerase_PB2 I411T,12810,1.27,I411T,polymerase_PB2,T1232C,T to C,nonsynonymous SNV,1811,lin3-2.5E1-R
lin3-2.5E1-R_trim.fastq.gz,polymerase_PB2 G416D,12825,1.3,G416D,polymerase_PB2,G1247A,G to A,nonsynonymous SNV,1929,lin3-2.5E1-R
lin3-2.5E1-R_trim.fastq.gz,polymerase_PB2 D455N,12941,9.55,D455N,polymerase_PB2,G1363A,G to A,nonsynonymous SNV,2294,lin3-2.5E1-R
lin3-2.5E1-R_trim.fastq.gz,polymerase_PB2 M460I,12958,1.99,M460I,polymerase_PB2,G1380A,G to A,nonsynonymous SNV,2359,lin3-2.5E1-R
lin3-2.5E1-R_trim.fastq.gz,polymerase_PB2 E525G,13152,5.42,E525G,polymerase_PB2,A1574G,A to G,nonsynonymous SNV,2916,lin3-2.5E1-R
lin3-2.5E1-R_trim.fastq.gz,polymerase_PB2 T588I,13341,17.9,T588I,polymerase_PB2,C1763T,C to T,nonsynonymous SNV,2056,lin3-2.5E1-R
lin3-2.5E1-R_trim.fastq.gz,matrix_protein_2 V16L,736,9.08,V16L,matrix_protein_2,G47C,G to C,nonsynonymous SNV,5584,lin3-2.5E1-R
lin3-5E3-L_trim.fastq.gz,matrix_protein_1 I14V,40,1.71,I14V,matrix_protein_1,A40G,A to G,nonsynonymous SNV,4088,lin3-5E3-L
lin3-5E3-L_trim.fastq.gz,nonstructural_protein_1 G51D,1234,2.84,G51D,nonstructural_protein_1,G152A,G to A,nonsynonymous SNV,23802,lin3-5E3-L
lin3-5E3-L_trim.fastq.gz,nonstructural_protein_1 K175R,1606,1.16,K175R,nonstructural_protein_1,A524G,A to G,nonsynonymous SNV,25857,lin3-5E3-L
lin3-5E3-L_trim.fastq.gz,hemagglutinin E83D,2294,1.09,E83D,hemagglutinin,G249T,G to T,nonsynonymous SNV,19562,lin3-5E3-L
lin3-5E3-L_trim.fastq.gz,hemagglutinin I96I,2333,7.47,I96I,hemagglutinin,T288C,T to C,synonymous SNV,16783,lin3-5E3-L
lin3-5E3-L_trim.fastq.gz,hemagglutinin P308P,2969,6.63,P308P,hemagglutinin,A924G,A to G,synonymous SNV,10243,lin3-5E3-L
lin3-5E3-L_trim.fastq.gz,neuraminidase A98T,4138,3.86,A98T,neuraminidase,G292A,G to A,nonsynonymous SNV,2718,lin3-5E3-L
lin3-5E3-L_trim.fastq.gz,neuraminidase P377P,4977,1.52,P377P,neuraminidase,G1131T,G to T,synonymous SNV,5182,lin3-5E3-L
lin3-5E3-L_trim.fastq.gz,polymerase_PB1 M290V,6224,78.56,M290V,polymerase_PB1,A868G,A to G,nonsynonymous SNV,8341,lin3-5E3-L
lin3-5E3-L_trim.fastq.gz,polymerase_PB1 I368V,6458,2.56,I368V,polymerase_PB1,A1102G,A to G,nonsynonymous SNV,5080,lin3-5E3-L
lin3-5E3-L_trim.fastq.gz,polymerase_PB1 K391E,6527,1.64,K391E,polymerase_PB1,A1171G,A to G,nonsynonymous SNV,6032,lin3-5E3-L
lin3-5E3-L_trim.fastq.gz,polymerase_PB1 S478N,6789,2.26,S478N,polymerase_PB1,G1433A,G to A,nonsynonymous SNV,8833,lin3-5E3-L
lin3-5E3-L_trim.fastq.gz,NP R243K,8458,2.09,R243K,NP,G728A,G to A,nonsynonymous SNV,25957,lin3-5E3-L
lin3-5E3-L_trim.fastq.gz,NP L276L,8558,4.93,L276L,NP,G828A,G to A,synonymous SNV,23044,lin3-5E3-L
lin3-5E3-L_trim.fastq.gz,NP M440T,9049,1.28,M440T,NP,T1319C,T to C,nonsynonymous SNV,27907,lin3-5E3-L
lin3-5E3-L_trim.fastq.gz,polymerase_PA V14I,9367,2.28,V14I,polymerase_PA,G40A,G to A,nonsynonymous SNV,1576,lin3-5E3-L
lin3-5E3-L_trim.fastq.gz,polymerase_PA A36A,9435,6.26,A36A,polymerase_PA,T108C,T to C,synonymous SNV,2046,lin3-5E3-L
lin3-5E3-L_trim.fastq.gz,polymerase_PA F105L,9640,4.89,F105L,polymerase_PA,T313C,T to C,nonsynonymous SNV,1411,lin3-5E3-L
lin3-5E3-L_trim.fastq.gz,polymerase_PA I129T,9713,3.8,I129T,polymerase_PA,T386C,T to C,nonsynonymous SNV,2054,lin3-5E3-L
lin3-5E3-L_trim.fastq.gz,polymerase_PA I178M,9861,5.48,I178M,polymerase_PA,A534G,A to G,nonsynonymous SNV,2628,lin3-5E3-L
lin3-5E3-L_trim.fastq.gz,polymerase_PA Q193Q,9906,1.86,Q193Q,polymerase_PA,G579A,G to A,synonymous SNV,2684,lin3-5E3-L
lin3-5E3-L_trim.fastq.gz,polymerase_PA P265T,10120,3.08,P265T,polymerase_PA,C793A,C to A,nonsynonymous SNV,2886,lin3-5E3-L
lin3-5E3-L_trim.fastq.gz,polymerase_PA E617K,11176,1.61,E617K,polymerase_PA,G1849A,G to A,nonsynonymous SNV,5088,lin3-5E3-L
lin3-5E3-L_trim.fastq.gz,polymerase_PA E661D,11310,1.03,E661D,polymerase_PA,A1983C,A to C,nonsynonymous SNV,5621,lin3-5E3-L
lin3-5E3-L_trim.fastq.gz,polymerase_PB2 R124R,11948,1.06,R124R,polymerase_PB2,A370C,A to C,synonymous SNV,4254,lin3-5E3-L
lin3-5E3-L_trim.fastq.gz,polymerase_PB2 K189R,12144,99.96,K189R,polymerase_PB2,A566G,A to G,nonsynonymous SNV,2534,lin3-5E3-L
lin3-5E3-L_trim.fastq.gz,polymerase_PB2 L211L,12211,3.32,L211L,polymerase_PB2,G633A,G to A,synonymous SNV,2413,lin3-5E3-L
lin3-5E3-L_trim.fastq.gz,polymerase_PB2 V344M,12608,2.15,V344M,polymerase_PB2,G1030A,G to A,nonsynonymous SNV,3256,lin3-5E3-L
lin3-5E3-L_trim.fastq.gz,polymerase_PB2 F363L,12665,1.54,F363L,polymerase_PB2,T1087C,T to C,nonsynonymous SNV,2730,lin3-5E3-L
lin3-5E3-L_trim.fastq.gz,polymerase_PB2 D408N,12800,4.18,D408N,polymerase_PB2,G1222A,G to A,nonsynonymous SNV,4044,lin3-5E3-L
lin3-5E3-L_trim.fastq.gz,polymerase_PB2 N448K,12922,4.19,N448K,polymerase_PB2,C1344A,C to A,nonsynonymous SNV,5295,lin3-5E3-L
lin3-5E3-L_trim.fastq.gz,polymerase_PB2 D455N,12941,2.39,D455N,polymerase_PB2,G1363A,G to A,nonsynonymous SNV,5096,lin3-5E3-L
lin3-5E3-L_trim.fastq.gz,polymerase_PB2 P469L,12984,1.04,P469L,polymerase_PB2,C1406T,C to T,nonsynonymous SNV,5281,lin3-5E3-L
lin3-5E3-L_trim.fastq.gz,polymerase_PB2 M570V,13286,3.71,M570V,polymerase_PB2,A1708G,A to G,nonsynonymous SNV,4264,lin3-5E3-L
lin3-5E3-L_trim.fastq.gz,polymerase_PB2 S747N,13818,1.67,S747N,polymerase_PB2,G2240A,G to A,nonsynonymous SNV,2099,lin3-5E3-L
lin3-5E3-RR_trim.fastq.gz,matrix_protein_1 F32F,96,1.27,F32F,matrix_protein_1,T96C,T to C,synonymous SNV,2911,lin3-5E3-RR
lin3-5E3-RR_trim.fastq.gz,hemagglutinin D518E,3599,3.61,D518E,hemagglutinin,T1554A,T to A,nonsynonymous SNV,2435,lin3-5E3-RR
lin3-5E3-RR_trim.fastq.gz,neuraminidase L24L,3918,3.2,L24L,neuraminidase,A72G,A to G,synonymous SNV,125,lin3-5E3-RR
lin3-5E3-RR_trim.fastq.gz,neuraminidase G440G,5166,1.01,G440G,neuraminidase,G1320A,G to A,synonymous SNV,1485,lin3-5E3-RR
lin3-5E3-RR_trim.fastq.gz,polymerase_PB1 M290V,6224,60.37,M290V,polymerase_PB1,A868G,A to G,nonsynonymous SNV,1721,lin3-5E3-RR
lin3-5E3-RR_trim.fastq.gz,NP T442S,9054,4.59,T442S,NP,A1324T,A to T,nonsynonymous SNV,3615,lin3-5E3-RR
lin3-5E3-RR_trim.fastq.gz,polymerase_PA F35L,9430,2.16,F35L,polymerase_PA,T103C,T to C,nonsynonymous SNV,556,lin3-5E3-RR
lin3-5E3-RR_trim.fastq.gz,polymerase_PA A36T,9433,1.01,A36T,polymerase_PA,G106A,G to A,nonsynonymous SNV,594,lin3-5E3-RR
lin3-5E3-RR_trim.fastq.gz,polymerase_PA F46C,9464,1.16,F46C,polymerase_PA,T137G,T to G,nonsynonymous SNV,518,lin3-5E3-RR
lin3-5E3-RR_trim.fastq.gz,polymerase_PA F105L,9640,1.57,F105L,polymerase_PA,T313C,T to C,nonsynonymous SNV,318,lin3-5E3-RR
lin3-5E3-RR_trim.fastq.gz,polymerase_PA I129T,9713,1.97,I129T,polymerase_PA,T386C,T to C,nonsynonymous SNV,712,lin3-5E3-RR
lin3-5E3-RR_trim.fastq.gz,polymerase_PA D347G,10367,1.14,D347G,polymerase_PA,A1040G,A to G,nonsynonymous SNV,350,lin3-5E3-RR
lin3-5E3-RR_trim.fastq.gz,polymerase_PA Q556R,10994,2.36,Q556R,polymerase_PA,A1667G,A to G,nonsynonymous SNV,849,lin3-5E3-RR
lin3-5E3-RR_trim.fastq.gz,polymerase_PB2 K189R,12144,100,K189R,polymerase_PB2,A566G,A to G,nonsynonymous SNV,451,lin3-5E3-RR
lin3-5E3-RR_trim.fastq.gz,polymerase_PB2 T235I,12282,1.85,T235I,polymerase_PB2,C704T,C to T,nonsynonymous SNV,324,lin3-5E3-RR
lin3-5E3-RR_trim.fastq.gz,polymerase_PB2 S321S,12541,1.22,S321S,polymerase_PB2,A963G,A to G,synonymous SNV,654,lin3-5E3-RR
lin3-5E3-RR_trim.fastq.gz,polymerase_PB2 K443E,12905,1.47,K443E,polymerase_PB2,A1327G,A to G,nonsynonymous SNV,1227,lin3-5E3-RR
lin3-5E3-RR_trim.fastq.gz,polymerase_PB2 D455N,12941,2.06,D455N,polymerase_PB2,G1363A,G to A,nonsynonymous SNV,1163,lin3-5E3-RR
lin3-5E3-RR_trim.fastq.gz,polymerase_PB2 T468I,12981,1.54,T468I,polymerase_PB2,C1403T,C to T,nonsynonymous SNV,1166,lin3-5E3-RR
lin3-5E3-RR_trim.fastq.gz,polymerase_PB2 L691L,13651,1.04,L691L,polymerase_PB2,G2073A,G to A,synonymous SNV,676,lin3-5E3-RR
lin3-5E3-R_trim.fastq.gz,matrix_protein_1 H162H,486,1.12,H162H,matrix_protein_1,C486T,C to T,synonymous SNV,30885,lin3-5E3-R
lin3-5E3-R_trim.fastq.gz,hemagglutinin D518E,3599,3.45,D518E,hemagglutinin,T1554A,T to A,nonsynonymous SNV,18509,lin3-5E3-R
lin3-5E3-R_trim.fastq.gz,neuraminidase E57G,4016,1.04,E57G,neuraminidase,A170G,A to G,nonsynonymous SNV,3284,lin3-5E3-R
lin3-5E3-R_trim.fastq.gz,neuraminidase V448I,5188,1.72,V448I,neuraminidase,G1342A,G to A,nonsynonymous SNV,9963,lin3-5E3-R
lin3-5E3-R_trim.fastq.gz,polymerase_PB1 M290V,6224,59.22,M290V,polymerase_PB1,A868G,A to G,nonsynonymous SNV,22769,lin3-5E3-R
lin3-5E3-R_trim.fastq.gz,NP T442S,9054,4.83,T442S,NP,A1324T,A to T,nonsynonymous SNV,36521,lin3-5E3-R
lin3-5E3-R_trim.fastq.gz,polymerase_PA F35L,9430,1.05,F35L,polymerase_PA,T103C,T to C,nonsynonymous SNV,3252,lin3-5E3-R
lin3-5E3-R_trim.fastq.gz,polymerase_PA E349K,10372,1.06,E349K,polymerase_PA,G1045A,G to A,nonsynonymous SNV,3590,lin3-5E3-R
lin3-5E3-R_trim.fastq.gz,polymerase_PA E351K,10378,1.05,E351K,polymerase_PA,G1051A,G to A,nonsynonymous SNV,3509,lin3-5E3-R
lin3-5E3-R_trim.fastq.gz,polymerase_PA Q556R,10994,1.16,Q556R,polymerase_PA,A1667G,A to G,nonsynonymous SNV,8369,lin3-5E3-R
lin3-5E3-R_trim.fastq.gz,polymerase_PA N614S,11168,1.2,N614S,polymerase_PA,A1841G,A to G,nonsynonymous SNV,10625,lin3-5E3-R
lin3-5E3-R_trim.fastq.gz,polymerase_PB2 R136G,11984,1.52,R136G,polymerase_PB2,A406G,A to G,nonsynonymous SNV,6309,lin3-5E3-R
lin3-5E3-R_trim.fastq.gz,polymerase_PB2 K189R,12144,99.93,K189R,polymerase_PB2,A566G,A to G,nonsynonymous SNV,4332,lin3-5E3-R
lin3-5E3-R_trim.fastq.gz,polymerase_PB2 S387G,12737,1.11,S387G,polymerase_PB2,A1159G,A to G,nonsynonymous SNV,4501,lin3-5E3-R
lin3-5E3-R_trim.fastq.gz,polymerase_PB2 L428L,12860,1.81,L428L,polymerase_PB2,C1282T,C to T,synonymous SNV,10556,lin3-5E3-R
lin3-5E3-R_trim.fastq.gz,polymerase_PB2 K443E,12905,2.69,K443E,polymerase_PB2,A1327G,A to G,nonsynonymous SNV,9778,lin3-5E3-R
lin3-5E3-R_trim.fastq.gz,polymerase_PB2 D455N,12941,4.34,D455N,polymerase_PB2,G1363A,G to A,nonsynonymous SNV,9555,lin3-5E3-R
lin3-5E3-X_trim.fastq.gz,hemagglutinin I338I,3059,1.36,I338I,hemagglutinin,C1014T,C to T,synonymous SNV,2278,lin3-5E3-X
lin3-5E3-X_trim.fastq.gz,hemagglutinin D518E,3599,1.45,D518E,hemagglutinin,T1554A,T to A,nonsynonymous SNV,5922,lin3-5E3-X
lin3-5E3-X_trim.fastq.gz,neuraminidase L24L,3918,1.35,L24L,neuraminidase,A72G,A to G,synonymous SNV,296,lin3-5E3-X
lin3-5E3-X_trim.fastq.gz,neuraminidase Y66N,4042,2.45,Y66N,neuraminidase,T196A,T to A,nonsynonymous SNV,1144,lin3-5E3-X
lin3-5E3-X_trim.fastq.gz,polymerase_PB1 M290V,6224,47.45,M290V,polymerase_PB1,A868G,A to G,nonsynonymous SNV,4308,lin3-5E3-X
lin3-5E3-X_trim.fastq.gz,NP K198R,8323,1.39,K198R,NP,A593G,A to G,nonsynonymous SNV,5389,lin3-5E3-X
lin3-5E3-X_trim.fastq.gz,NP T442S,9054,2.12,T442S,NP,A1324T,A to T,nonsynonymous SNV,6044,lin3-5E3-X
lin3-5E3-X_trim.fastq.gz,polymerase_PA F35L,9430,1.4,F35L,polymerase_PA,T103C,T to C,nonsynonymous SNV,1424,lin3-5E3-X
lin3-5E3-X_trim.fastq.gz,polymerase_PA F105L,9640,1.64,F105L,polymerase_PA,T313C,T to C,nonsynonymous SNV,731,lin3-5E3-X
lin3-5E3-X_trim.fastq.gz,polymerase_PA I129T,9713,1.19,I129T,polymerase_PA,T386C,T to C,nonsynonymous SNV,1596,lin3-5E3-X
lin3-5E3-X_trim.fastq.gz,polymerase_PA N466S,10724,1.39,N466S,polymerase_PA,A1397G,A to G,nonsynonymous SNV,1515,lin3-5E3-X
lin3-5E3-X_trim.fastq.gz,polymerase_PA Q556R,10994,1.17,Q556R,polymerase_PA,A1667G,A to G,nonsynonymous SNV,1799,lin3-5E3-X
lin3-5E3-X_trim.fastq.gz,polymerase_PA G634E,11228,1.39,G634E,polymerase_PA,G1901A,G to A,nonsynonymous SNV,2011,lin3-5E3-X
lin3-5E3-X_trim.fastq.gz,polymerase_PB2 K189R,12144,100,K189R,polymerase_PB2,A566G,A to G,nonsynonymous SNV,783,lin3-5E3-X
lin3-5E3-X_trim.fastq.gz,polymerase_PB2 K353N,12637,1.38,K353N,polymerase_PB2,A1059C,A to C,nonsynonymous SNV,1159,lin3-5E3-X
lin3-5E3-X_trim.fastq.gz,polymerase_PB2 S387G,12737,1.47,S387G,polymerase_PB2,A1159G,A to G,nonsynonymous SNV,747,lin3-5E3-X
lin3-5E3-X_trim.fastq.gz,polymerase_PB2 K443E,12905,2.55,K443E,polymerase_PB2,A1327G,A to G,nonsynonymous SNV,2395,lin3-5E3-X
lin3-5E3-X_trim.fastq.gz,polymerase_PB2 D455N,12941,2,D455N,polymerase_PB2,G1363A,G to A,nonsynonymous SNV,2350,lin3-5E3-X
lin3_1E2_L_trim.fastq.gz,hemagglutinin K71N,2258,13.64,K71N,hemagglutinin,A213C,A to C,nonsynonymous SNV,22,lin3_1E2_L
lin3_1E2_L_trim.fastq.gz,polymerase_PB1 M290V,6224,57.14,M290V,polymerase_PB1,A868G,A to G,nonsynonymous SNV,28,lin3_1E2_L
lin3_1E2_L_trim.fastq.gz,NP S359F,8806,13.7,S359F,NP,C1076T,C to T,nonsynonymous SNV,73,lin3_1E2_L
lin3_1E2_L_trim.fastq.gz,NP T442S,9054,7.27,T442S,NP,A1324T,A to T,nonsynonymous SNV,55,lin3_1E2_L
lin3_1E2_L_trim.fastq.gz,polymerase_PB2 K189R,12144,100,K189R,polymerase_PB2,A566G,A to G,nonsynonymous SNV,10,lin3_1E2_L
lin3_1E3_LL_trim.fastq.gz,hemagglutinin L250L,2793,1.41,L250L,hemagglutinin,C748T,C to T,synonymous SNV,3131,lin3_1E3_LL
lin3_1E3_LL_trim.fastq.gz,neuraminidase E57G,4016,1.04,E57G,neuraminidase,A170G,A to G,nonsynonymous SNV,384,lin3_1E3_LL
lin3_1E3_LL_trim.fastq.gz,neuraminidase Q250Q,4596,2.42,Q250Q,neuraminidase,G750A,G to A,synonymous SNV,289,lin3_1E3_LL
lin3_1E3_LL_trim.fastq.gz,polymerase_PB1 M290V,6224,45.41,M290V,polymerase_PB1,A868G,A to G,nonsynonymous SNV,1612,lin3_1E3_LL
lin3_1E3_LL_trim.fastq.gz,polymerase_PB1 R723Q,7524,5.07,R723Q,polymerase_PB1,G2168A,G to A,nonsynonymous SNV,1046,lin3_1E3_LL
lin3_1E3_LL_trim.fastq.gz,NP T442S,9054,3.21,T442S,NP,A1324T,A to T,nonsynonymous SNV,3704,lin3_1E3_LL
lin3_1E3_LL_trim.fastq.gz,polymerase_PA F35L,9430,1.45,F35L,polymerase_PA,T103C,T to C,nonsynonymous SNV,552,lin3_1E3_LL
lin3_1E3_LL_trim.fastq.gz,polymerase_PA S280A,10165,1.81,S280A,polymerase_PA,T838G,T to G,nonsynonymous SNV,554,lin3_1E3_LL
lin3_1E3_LL_trim.fastq.gz,polymerase_PA D347Y,10366,1.83,D347Y,polymerase_PA,G1039T,G to T,complex,382,lin3_1E3_LL
lin3_1E3_LL_trim.fastq.gz,polymerase_PA D347A,10367,1.02,D347A,polymerase_PA,A1040C,A to C,complex,393,lin3_1E3_LL
lin3_1E3_LL_trim.fastq.gz,polymerase_PA E349K,10372,1.14,E349K,polymerase_PA,G1045A,G to A,nonsynonymous SNV,353,lin3_1E3_LL
lin3_1E3_LL_trim.fastq.gz,polymerase_PA A475S,10750,2.45,A475S,polymerase_PA,G1423T,G to T,nonsynonymous SNV,734,lin3_1E3_LL
lin3_1E3_LL_trim.fastq.gz,polymerase_PA Q556R,10994,2.53,Q556R,polymerase_PA,A1667G,A to G,nonsynonymous SNV,792,lin3_1E3_LL
lin3_1E3_LL_trim.fastq.gz,polymerase_PA A598S,11119,3.61,A598S,polymerase_PA,G1792T,G to T,nonsynonymous SNV,1247,lin3_1E3_LL
lin3_1E3_LL_trim.fastq.gz,polymerase_PB2 K189R,12144,100,K189R,polymerase_PB2,A566G,A to G,nonsynonymous SNV,356,lin3_1E3_LL
lin3_1E3_LL_trim.fastq.gz,polymerase_PB2 T235I,12282,1.22,T235I,polymerase_PB2,C704T,C to T,nonsynonymous SNV,327,lin3_1E3_LL
lin3_1E3_LL_trim.fastq.gz,polymerase_PB2 S387G,12737,2.46,S387G,polymerase_PB2,A1159G,A to G,nonsynonymous SNV,284,lin3_1E3_LL
lin3_1E3_LL_trim.fastq.gz,polymerase_PB2 K443E,12905,2.11,K443E,polymerase_PB2,A1327G,A to G,nonsynonymous SNV,949,lin3_1E3_LL
lin3_1E3_LL_trim.fastq.gz,polymerase_PB2 D455N,12941,3.61,D455N,polymerase_PB2,G1363A,G to A,nonsynonymous SNV,913,lin3_1E3_LL
lin3_1E3_LL_trim.fastq.gz,polymerase_PB2 T468I,12981,1.72,T468I,polymerase_PB2,C1403T,C to T,nonsynonymous SNV,991,lin3_1E3_LL
lin3_1E3_RR_trim.fastq.gz,nonstructural_protein_1 R35R,1187,1.14,R35R,nonstructural_protein_1,G105A,G to A,synonymous SNV,23967,lin3_1E3_RR
lin3_1E3_RR_trim.fastq.gz,hemagglutinin I96I,2333,1.06,I96I,hemagglutinin,T288C,T to C,synonymous SNV,8078,lin3_1E3_RR
lin3_1E3_RR_trim.fastq.gz,hemagglutinin G157R,2514,1.38,G157R,hemagglutinin,G469A,G to A,nonsynonymous SNV,3116,lin3_1E3_RR
lin3_1E3_RR_trim.fastq.gz,hemagglutinin D518E,3599,2.13,D518E,hemagglutinin,T1554A,T to A,nonsynonymous SNV,7787,lin3_1E3_RR
lin3_1E3_RR_trim.fastq.gz,polymerase_PB1 M290V,6224,43.04,M290V,polymerase_PB1,A868G,A to G,nonsynonymous SNV,7454,lin3_1E3_RR
lin3_1E3_RR_trim.fastq.gz,NP K198R,8323,1.57,K198R,NP,A593G,A to G,nonsynonymous SNV,11817,lin3_1E3_RR
lin3_1E3_RR_trim.fastq.gz,NP T442S,9054,2.49,T442S,NP,A1324T,A to T,nonsynonymous SNV,14595,lin3_1E3_RR
lin3_1E3_RR_trim.fastq.gz,polymerase_PA F35L,9430,1.29,F35L,polymerase_PA,T103C,T to C,nonsynonymous SNV,1322,lin3_1E3_RR
lin3_1E3_RR_trim.fastq.gz,polymerase_PA F51S,9479,2.2,F51S,polymerase_PA,T152C,T to C,nonsynonymous SNV,1135,lin3_1E3_RR
lin3_1E3_RR_trim.fastq.gz,polymerase_PA N321N,10290,2.02,N321N,polymerase_PA,C963T,C to T,synonymous SNV,1434,lin3_1E3_RR
lin3_1E3_RR_trim.fastq.gz,polymerase_PA N466S,10724,1.25,N466S,polymerase_PA,A1397G,A to G,nonsynonymous SNV,2481,lin3_1E3_RR
lin3_1E3_RR_trim.fastq.gz,polymerase_PA A476S,10753,1.75,A476S,polymerase_PA,G1426T,G to T,nonsynonymous SNV,2462,lin3_1E3_RR
lin3_1E3_RR_trim.fastq.gz,polymerase_PA Q556R,10994,1.11,Q556R,polymerase_PA,A1667G,A to G,nonsynonymous SNV,3503,lin3_1E3_RR
lin3_1E3_RR_trim.fastq.gz,polymerase_PA N614T,11168,2.25,N614T,polymerase_PA,A1841C,A to C,nonsynonymous SNV,4802,lin3_1E3_RR
lin3_1E3_RR_trim.fastq.gz,polymerase_PB2 I63T,11766,1.09,I63T,polymerase_PB2,T188C,T to C,nonsynonymous SNV,1378,lin3_1E3_RR
lin3_1E3_RR_trim.fastq.gz,polymerase_PB2 S79G,11813,1.1,S79G,polymerase_PB2,A235G,A to G,nonsynonymous SNV,1460,lin3_1E3_RR
lin3_1E3_RR_trim.fastq.gz,polymerase_PB2 K189R,12144,99.93,K189R,polymerase_PB2,A566G,A to G,nonsynonymous SNV,1534,lin3_1E3_RR
lin3_1E3_RR_trim.fastq.gz,polymerase_PB2 S387G,12737,1.23,S387G,polymerase_PB2,A1159G,A to G,nonsynonymous SNV,1057,lin3_1E3_RR
lin3_1E3_RR_trim.fastq.gz,polymerase_PB2 K443E,12905,2.42,K443E,polymerase_PB2,A1327G,A to G,nonsynonymous SNV,4175,lin3_1E3_RR
lin3_1E3_RR_trim.fastq.gz,polymerase_PB2 D455N,12941,2.24,D455N,polymerase_PB2,G1363A,G to A,nonsynonymous SNV,4200,lin3_1E3_RR
lin3_5E3_LL_trim.fastq.gz,nuclear_export_protein M83I,1803,3.23,M83I,nuclear_export_protein,G248A,G to A,nonsynonymous SNV,62,lin3_5E3_LL
lin3_5E3_LL_trim.fastq.gz,polymerase_PB1 M290V,6224,50,M290V,polymerase_PB1,A868G,A to G,nonsynonymous SNV,14,lin3_5E3_LL
lin3_5E3_LL_trim.fastq.gz,polymerase_PB2 K189R,12144,100,K189R,polymerase_PB2,A566G,A to G,nonsynonymous SNV,4,lin3_5E3_LL
